Driver Age,Driver Experience,Previous Accidents,Annual Mileage (x1000 km),Car Manufacturing Year,Car Age,Coverage Type,Car Type,Insurance Premium ($)
56,32,4,17,2002,23,Third Party,sedan,594.2364206935486
46,19,0,21,2025,0,Third Party,hatchback,484.907653763441
32,11,4,15,2020,5,Third Party,suv,648.42811827957
60,0,4,19,1991,34,Comprehensive,sedan,766.1360282258069
25,7,0,13,2005,20,Third Party,sedan,458.52258064516144
38,13,2,11,1998,27,Third Party,hatchback,503.1258064516128
56,37,3,14,1998,27,Third Party,suv,634.8103851182799
36,18,1,19,2000,25,Third Party,suv,565.1448709677425
40,10,4,14,2011,14,Third Party,sedan,589.6958064516132
28,10,5,12,2022,3,Third Party,pickup,632.5307526881726
28,10,5,20,2025,0,Comprehensive,sedan,775.5991532258062
41,2,3,24,2012,13,Third Party,sedan,621.4203032258065
53,32,5,24,2023,2,Third Party,sedan,622.09143073
57,5,2,15,1998,27,Third Party,sedan,522.1419677419354
41,9,5,13,2013,12,Third Party,hatchback,568.3215053763445
20,2,1,23,1997,28,Comprehensive,suv,792.664952231183
39,21,1,22,1996,29,Third Party,hatchback,510.74736344086017
19,1,4,23,2025,0,Comprehensive,hatchback,845.3163546505382
41,1,0,19,2007,18,Third Party,hatchback,430.53763440860223
61,12,2,14,1992,33,Third Party,sedan,510.1175483870968
47,29,4,16,2017,8,Third Party,pickup,576.24623655914
55,1,2,12,1995,30,Third Party,suv,581.6769247311834
19,1,0,16,2010,15,Third Party,pickup,546.0040430107528
38,0,5,13,2017,8,Third Party,hatchback,582.7279569892474
50,32,5,22,1990,35,Comprehensive,hatchback,724.2749327956988
29,8,0,22,2025,0,Third Party,pickup,569.9431513978495
39,16,4,19,2010,15,Third Party,pickup,610.945913978495
61,8,0,21,2024,1,Third Party,pickup,535.5640329032265
42,10,3,12,2002,23,Comprehensive,hatchback,715.9892473118284
44,14,1,25,1999,26,Third Party,hatchback,515.4231204301079
59,23,4,22,1999,26,Comprehensive,suv,789.6258500134403
45,27,2,22,2002,23,Third Party,suv,575.4732015053769
33,15,3,19,2013,12,Third Party,hatchback,553.9150537634408
32,14,4,15,1991,34,Comprehensive,pickup,810.2938575268819
64,30,0,18,2011,14,Third Party,pickup,377.0255913978495
61,4,0,12,2006,19,Third Party,suv,467.0978494623658
20,2,0,16,2025,0,Third Party,hatchback,558.552653763441
54,10,0,13,2003,22,Third Party,suv,546.6513870967748
24,6,2,22,1999,26,Third Party,suv,636.6025718279574
38,20,3,22,2024,1,Comprehensive,sedan,758.022161693549
26,8,5,24,2014,11,Comprehensive,sedan,730.1062096774197
56,34,1,20,1992,33,Third Party,sedan,450.5378296774193
35,17,2,15,2006,19,Third Party,pickup,469.9483870967743
21,0,2,22,2001,24,Comprehensive,hatchback,697.5459344086022
42,24,5,18,2013,12,Third Party,hatchback,546.2150537634411
31,13,5,20,2018,7,Third Party,hatchback,571.5505376344089
26,8,1,24,2014,11,Third Party,hatchback,463.239569892473
43,7,1,11,2025,0,Third Party,sedan,510.885064516129
19,1,5,15,2015,10,Comprehensive,pickup,814.7430913978492
37,19,0,13,1990,35,Third Party,pickup,533.6047956989254
45,27,2,14,2009,16,Third Party,sedan,422.0096774193549
64,13,4,12,2017,8,Third Party,pickup,582.8036559139787
24,6,1,19,2005,20,Third Party,sedan,469.9483870967743
61,34,1,13,2006,19,Third Party,hatchback,348.136989247312
25,7,5,25,2017,8,Comprehensive,sedan,731.6028830645159
64,36,3,12,2001,24,Third Party,hatchback,543.3974995698927
52,4,4,20,2016,9,Third Party,hatchback,557.6408602150539
31,13,4,21,2019,6,Third Party,suv,676.8526682795701
34,13,1,19,2023,2,Third Party,sedan,513.9551290322581
53,25,0,17,1995,30,Third Party,suv,500.93605537634414
57,3,3,16,1996,29,Comprehensive,sedan,751.1781854838713
21,3,4,11,2021,4,Comprehensive,sedan,757.7576209677428
19,1,1,15,2021,4,Third Party,suv,572.7647956989248
23,5,4,22,2014,11,Comprehensive,suv,798.9844489247315
59,39,3,21,2022,3,Third Party,sedan,512.5063032419354
21,3,3,24,1996,29,Comprehensive,pickup,932.8130968010754
46,28,2,25,2001,24,Third Party,hatchback,499.1810172043014
35,17,5,21,2005,20,Third Party,suv,682.0456973118286
43,13,5,13,2005,20,Third Party,hatchback,564.3473118279572
61,31,1,11,2025,0,Third Party,pickup,451.56073268817227
51,33,3,14,2002,23,Third Party,pickup,617.2398343655913
27,9,2,23,1996,29,Third Party,pickup,602.6980595698925
53,22,2,12,2025,0,Third Party,suv,504.5422847311828
31,13,4,12,1998,27,Comprehensive,pickup,808.055268817204
48,30,4,13,2021,4,Third Party,suv,596.4406989247315
65,24,2,18,2000,25,Third Party,pickup,481.5442984946238
32,14,4,18,1997,28,Comprehensive,hatchback,734.0142473118287
25,7,3,22,2022,3,Third Party,hatchback,594.839311827957
31,1,0,25,2012,13,Third Party,sedan,485.64893548387096
40,13,3,17,2014,11,Third Party,hatchback,548.9473118279572
57,39,2,16,1997,28,Third Party,sedan,445.9787838709683
38,20,2,19,2011,14,Third Party,hatchback,418.7096774193549
33,15,3,14,1993,32,Comprehensive,suv,832.0803360215056
62,5,4,22,1992,33,Comprehensive,hatchback,747.7655779569895
35,5,4,11,2018,7,Third Party,sedan,598.3024193548388
64,2,5,18,2018,7,Third Party,sedan,582.3932258064517
41,6,2,17,2023,2,Third Party,pickup,549.6860860215056
43,7,1,17,2023,2,Third Party,suv,562.3428279569896
42,14,5,25,2017,8,Third Party,hatchback,585.5570860215056
62,28,4,13,2002,23,Third Party,pickup,621.418959688172
58,32,3,14,2004,21,Third Party,hatchback,554.5418337634411
46,28,4,20,2012,13,Third Party,hatchback,529.8215053763442
32,14,3,19,2015,10,Third Party,pickup,610.945913978495
62,26,5,25,1993,32,Comprehensive,pickup,760.0907874260754
18,0,2,16,2015,10,Third Party,pickup,561.9292043010753
42,24,4,25,1998,27,Comprehensive,pickup,808.6532918010755
24,6,3,25,1994,31,Comprehensive,pickup,859.6867184139791
26,8,2,15,2021,4,Third Party,hatchback,441.41935483870986
41,23,1,13,2009,16,Third Party,pickup,444.4473118279569
18,0,3,19,2000,25,Comprehensive,suv,946.6702033602152
61,32,5,15,2004,21,Third Party,sedan,595.3001980483875
25,3,1,15,2021,4,Third Party,pickup,486.60215053763454
41,21,1,24,2017,8,Third Party,pickup,471.7178494623656
28,1,0,14,2011,14,Third Party,hatchback,439.76344086021504
34,9,4,24,2006,19,Third Party,pickup,658.7385720430112
25,4,3,14,2015,10,Third Party,pickup,633.6236559139785
52,9,1,22,1996,29,Third Party,pickup,567.2361341935482
52,32,0,11,2015,10,Third Party,hatchback,347.6686021505378
50,32,5,17,2014,11,Third Party,pickup,578.1588172043016
22,4,2,19,1999,26,Third Party,sedan,611.2710574193552
59,30,3,13,2008,17,Third Party,hatchback,482.5757956989247
56,35,1,22,2000,25,Third Party,sedan,469.95936481290346
58,23,4,23,2002,23,Comprehensive,hatchback,686.3404771908603
45,14,0,25,1997,28,Third Party,pickup,558.8443808602154
24,6,1,12,1993,32,Third Party,sedan,548.4933548387099
26,7,4,13,2020,5,Third Party,hatchback,575.2763440860219
25,4,1,11,2017,8,Third Party,suv,508.1763440860214
29,11,3,16,2000,25,Comprehensive,pickup,804.8572849462369
51,3,3,21,1990,35,Comprehensive,hatchback,756.280936827957
50,11,3,21,2013,12,Third Party,suv,653.1955360215057
65,1,5,17,2020,5,Third Party,hatchback,553.9150537634408
40,22,5,21,2015,10,Third Party,suv,661.8505844086019
41,23,0,21,1994,31,Third Party,pickup,549.0991189247316
54,35,3,12,2009,16,Third Party,sedan,503.34800645161306
52,34,4,18,2000,25,Third Party,suv,653.4518168602156
61,25,1,24,2022,3,Third Party,hatchback,378.5025247311828
57,26,2,16,2016,9,Third Party,pickup,402.7868817204301
39,4,4,24,2023,2,Comprehensive,suv,872.7621795698926
44,19,5,14,2004,21,Comprehensive,hatchback,714.8263440860217
52,10,5,15,2021,4,Third Party,hatchback,552.4247311827959
18,0,4,18,2010,15,Comprehensive,hatchback,738.6602150537641
52,34,5,24,1994,31,Comprehensive,suv,790.9630549892479
54,36,3,13,1995,30,Third Party,suv,640.3445601666666
64,5,0,13,2011,14,Third Party,suv,459.7526881720431
31,7,1,24,2007,18,Third Party,sedan,486.4015483870967
20,2,0,25,2003,22,Third Party,suv,685.9984991247316
18,0,1,24,1999,26,Comprehensive,suv,798.2414636021502
22,4,1,21,2002,23,Third Party,suv,688.3078308924731
43,25,0,14,2020,5,Third Party,sedan,406.60967741935497
31,12,4,11,2019,6,Third Party,suv,647.2855376344093
56,38,1,19,1992,33,Third Party,hatchback,423.0531634408602
44,17,0,18,2019,6,Third Party,suv,458.936559139785
26,8,1,18,1995,30,Third Party,hatchback,517.9888172043012
32,14,2,24,2018,7,Third Party,hatchback,454.1604301075269
32,14,4,20,1997,28,Comprehensive,hatchback,734.5956989247309
43,11,3,16,2022,3,Third Party,sedan,571.9609677419355
59,35,1,17,2006,19,Third Party,sedan,367.0192580645162
30,3,2,16,2000,25,Third Party,sedan,552.0750967741933
49,4,3,19,2002,23,Comprehensive,suv,828.4026545698927
56,36,3,13,2000,25,Third Party,hatchback,552.2623108602154
49,7,1,24,2020,5,Third Party,sedan,461.8161935483873
21,3,0,13,2017,8,Third Party,sedan,511.8115483870969
47,29,1,13,1995,30,Third Party,suv,535.443215053764
54,8,2,20,2005,20,Third Party,sedan,444.8612903225807
40,22,3,13,1993,32,Comprehensive,suv,808.3425739247313
56,13,1,19,2024,1,Third Party,pickup,514.3072473118282
62,39,0,22,2015,10,Third Party,sedan,371.1012516129033
32,14,1,14,2001,24,Third Party,pickup,549.418064516129
60,21,4,23,2000,25,Comprehensive,suv,791.965958721103
46,10,0,17,2014,11,Third Party,hatchback,409.24731182795705
53,22,2,24,2007,18,Third Party,sedan,424.7474993548389
30,0,3,25,2008,17,Comprehensive,suv,794.7224932795701
49,31,1,19,2012,13,Third Party,hatchback,385.1182795698924
24,6,0,21,2007,18,Third Party,hatchback,463.4784946236559
39,21,4,22,2015,10,Third Party,pickup,627.8312688172048
45,27,0,17,1995,30,Third Party,suv,533.7619892473119
19,1,5,19,1993,32,Comprehensive,hatchback,842.1700618279568
59,0,4,22,2018,7,Third Party,sedan,609.8300645161294
62,39,2,13,2023,2,Third Party,sedan,426.9827596774194
23,5,3,25,2006,19,Comprehensive,pickup,760.7965188172043
45,20,2,14,2005,20,Third Party,hatchback,413.7419354838709
45,8,1,24,1991,34,Third Party,suv,606.0378866666665
61,8,0,18,2023,2,Third Party,sedan,486.0687096774196
61,9,5,16,1997,28,Comprehensive,hatchback,717.1521505376345
37,19,4,15,2002,23,Comprehensive,hatchback,715.6985215053769
47,29,4,23,1997,28,Comprehensive,pickup,792.5034732526884
28,10,0,14,2019,6,Third Party,sedan,444.36451612903227
45,24,5,18,2021,4,Third Party,sedan,566.2232258064519
42,24,0,11,2025,0,Third Party,suv,523.6746344086021
56,10,1,24,2019,6,Third Party,sedan,450.7778709677419
50,32,2,19,1990,35,Third Party,suv,539.926483870968
18,0,4,11,2006,19,Comprehensive,sedan,775.8955241935482
44,6,1,18,2009,16,Third Party,pickup,469.16774193548383
30,12,2,14,2013,12,Third Party,sedan,457.2806451612904
58,26,1,19,2011,14,Third Party,suv,415.43960215053767
20,2,5,24,2018,7,Comprehensive,suv,882.8859634408612
56,26,4,21,2011,14,Third Party,pickup,575.7055500107527
23,5,0,15,1998,27,Third Party,sedan,541.5857096774198
25,7,0,13,1999,26,Third Party,sedan,535.4455806451613
44,24,2,19,2025,0,Third Party,pickup,516.9874623655916
26,6,3,21,2017,8,Third Party,sedan,627.478837096774
54,5,5,24,2017,8,Third Party,sedan,616.1520129032261
50,23,2,24,2010,15,Third Party,suv,492.0605161290322
59,32,3,19,2013,12,Third Party,sedan,502.5734112903227
61,28,1,14,1991,34,Third Party,sedan,453.5771935483872
41,21,5,21,1997,28,Comprehensive,pickup,824.8031103494628
32,14,1,14,2016,9,Third Party,pickup,464.483870967742
49,27,4,22,2011,14,Third Party,hatchback,553.6964731182796
49,20,5,18,2016,9,Third Party,suv,625.2908602150542
41,6,3,12,2018,7,Third Party,sedan,582.9148387096776
58,16,4,19,1992,33,Comprehensive,sedan,738.6624395161292
29,11,0,23,2002,23,Third Party,hatchback,525.2668193548392
56,38,3,24,1999,26,Third Party,sedan,605.9752038041935
19,1,2,16,2025,0,Third Party,suv,662.3421389247311
20,2,0,19,1998,27,Third Party,hatchback,572.7188086021505
54,27,0,18,2016,9,Third Party,suv,407.0906021505378
34,16,2,25,2023,2,Third Party,hatchback,517.8840451612905
19,1,5,25,1990,35,Comprehensive,hatchback,875.865938682796
19,0,0,17,2021,4,Third Party,pickup,542.0227526881723
45,27,3,23,2014,11,Third Party,suv,631.2694134408607
40,12,4,24,2018,7,Third Party,sedan,611.4105516129032
54,29,0,11,1996,29,Third Party,sedan,448.2583067741936
49,22,3,24,1992,33,Comprehensive,suv,833.5915287634404
50,18,1,22,2009,16,Third Party,sedan,449.2726451612903
18,0,3,13,2009,16,Comprehensive,sedan,765.6173790322581
36,18,4,21,2019,6,Third Party,suv,662.4275876344087
19,1,3,24,2024,1,Comprehensive,hatchback,837.2297000537634
61,28,2,12,2024,1,Third Party,suv,486.2337356989248
43,25,4,15,2016,9,Third Party,hatchback,534.0440860215057
49,15,5,25,2015,10,Third Party,sedan,606.9325048387095
23,5,1,15,2003,22,Third Party,sedan,546.7024838709681
49,18,2,15,2006,19,Third Party,sedan,433.1870967741936
21,3,5,14,2007,18,Comprehensive,pickup,813.1596236559138
28,0,3,15,2018,7,Third Party,hatchback,577.7602150537638
34,13,4,13,2009,16,Third Party,pickup,620.2355913978497
55,1,1,22,2016,9,Third Party,pickup,488.5381505376346
41,23,2,11,2007,18,Third Party,suv,473.35483870967744
22,4,5,15,1993,32,Comprehensive,pickup,915.2964599462366
51,33,5,23,1990,35,Comprehensive,suv,796.6461761364252
23,3,1,19,1990,35,Third Party,suv,666.6292647311828
39,0,3,23,2015,10,Third Party,pickup,654.5992010752691
28,7,1,19,2009,16,Third Party,hatchback,440.47311827957
65,28,5,14,2012,13,Third Party,hatchback,492.65782795698937
33,15,0,13,1999,26,Third Party,hatchback,490.4556989247311
50,2,2,11,2000,25,Third Party,hatchback,506.5369892473117
26,8,1,12,1994,31,Third Party,hatchback,517.0141935483872
23,5,5,18,1990,35,Comprehensive,pickup,850.2686559139793
33,9,3,11,2006,19,Third Party,pickup,620.782043010753
46,18,5,18,2011,14,Third Party,sedan,579.7851612903229
20,2,3,23,2023,2,Comprehensive,hatchback,834.5341485215058
37,19,1,17,2018,7,Third Party,pickup,451.21290322580654
53,22,3,25,1993,32,Comprehensive,sedan,725.5412061794356
36,18,4,18,1994,31,Comprehensive,hatchback,724.1295698924729
43,25,4,22,2000,25,Comprehensive,suv,839.6697331989251
20,2,4,16,2010,15,Comprehensive,sedan,768.9426612903228
36,18,0,22,2024,1,Third Party,pickup,546.6628034408601
37,7,1,24,2001,24,Third Party,suv,611.1320008602156
49,0,5,25,2015,10,Third Party,suv,690.7007456989245
24,2,5,25,2008,17,Comprehensive,suv,884.5579614247323
58,23,0,19,1996,29,Third Party,sedan,455.3501558064517
50,22,3,13,1996,29,Comprehensive,pickup,758.4865188172047
57,7,0,20,2015,10,Third Party,suv,463.8333333333332
56,36,3,14,1994,31,Third Party,hatchback,555.5549550537638
35,2,3,23,2010,15,Third Party,suv,688.392732795699
57,32,2,16,2003,22,Third Party,suv,496.77502150537646
18,0,5,18,1993,32,Comprehensive,sedan,887.0808709677419
28,7,4,15,2012,13,Third Party,sedan,606.6482258064519
45,27,3,13,2009,16,Third Party,pickup,577.065913978495
42,24,2,16,2004,21,Third Party,hatchback,481.4404301075271
40,22,5,14,2018,7,Third Party,sedan,575.0906451612904
48,23,4,19,1997,28,Comprehensive,suv,804.9992271505378
47,13,3,23,2008,17,Third Party,pickup,628.1072268817212
59,31,3,13,2017,8,Third Party,suv,548.1752360215057
52,15,0,14,2016,9,Third Party,suv,454.0397849462365
24,3,0,17,1993,32,Third Party,sedan,597.7013722580646
33,15,5,17,2004,21,Comprehensive,pickup,809.0146639784946
43,20,4,22,2024,1,Comprehensive,hatchback,724.8621989247308
65,13,3,22,1990,35,Comprehensive,hatchback,722.5131344086026
19,1,5,14,1992,33,Comprehensive,sedan,883.3444629032264
18,0,5,16,2013,12,Comprehensive,sedan,782.2437903225813
65,6,1,22,2016,9,Third Party,pickup,470.1409462365591
29,9,0,23,2025,0,Third Party,hatchback,516.8996752688171
22,4,4,13,2023,2,Comprehensive,hatchback,804.8059811827957
54,32,3,16,2018,7,Third Party,hatchback,480.362666666667
49,22,5,22,2013,12,Third Party,suv,652.9070344086025
26,8,3,12,2013,12,Third Party,hatchback,569.5634408602151
58,18,1,18,1993,32,Third Party,suv,544.1295483870967
52,18,4,12,1992,33,Comprehensive,pickup,775.4358333333341
36,18,5,21,2023,2,Comprehensive,suv,857.5666684811825
65,28,3,17,2012,13,Third Party,pickup,526.5054784946238
33,15,0,19,2012,13,Third Party,hatchback,415.8709677419354
20,1,1,11,1994,31,Third Party,hatchback,581.6658537634412
37,0,4,18,2020,5,Third Party,pickup,633.6236559139785
41,4,1,17,1995,30,Third Party,sedan,534.4222258064517
50,19,0,16,1999,26,Third Party,pickup,515.6473548387099
41,10,4,16,1996,29,Comprehensive,sedan,767.0518145161298
28,1,1,16,2010,15,Third Party,suv,514.9774193548386
25,2,2,19,2009,16,Third Party,suv,526.1311827956989
53,22,0,12,1992,33,Third Party,suv,506.20669827956976
55,11,0,11,2011,14,Third Party,hatchback,399.31182795698913
57,19,0,23,1993,32,Third Party,suv,563.8699413978493
37,4,2,22,2017,8,Third Party,sedan,486.9032903225805
52,34,2,16,2001,24,Third Party,suv,500.1038486021504
65,37,3,20,2025,0,Third Party,pickup,583.8068317849466
42,24,5,21,1994,31,Comprehensive,pickup,819.6351684139793
52,8,1,18,2002,23,Third Party,hatchback,489.2374193548386
42,24,3,13,2012,13,Third Party,pickup,583.6233333333336
46,28,1,22,2019,6,Third Party,sedan,433.2169032258066
35,17,5,20,2014,11,Third Party,suv,648.1424731182796
63,23,2,11,2016,9,Third Party,hatchback,363.5937634408602
35,16,5,19,2003,22,Comprehensive,suv,842.444711021506
19,1,2,23,2025,0,Comprehensive,suv,787.4164709408608
52,29,5,23,2005,20,Third Party,sedan,560.4898915000003
33,15,3,11,2011,14,Third Party,pickup,608.2136559139789
58,31,4,13,2010,15,Third Party,pickup,537.3252204301076
53,16,3,18,2010,15,Third Party,suv,613.8650537634412
50,16,1,24,1997,28,Third Party,hatchback,507.3020688172043
21,3,3,13,2005,20,Comprehensive,pickup,795.1080913978496
50,8,0,23,2020,5,Third Party,hatchback,430.0290322580645
31,13,1,14,1999,26,Third Party,pickup,553.1703655913979
38,1,5,18,2021,4,Third Party,hatchback,580.4924731182799
65,24,1,11,2023,2,Third Party,sedan,438.63365451612896
37,19,4,23,1998,27,Comprehensive,hatchback,749.2337432795699
25,7,2,23,2006,19,Third Party,sedan,500.1994516129034
24,6,5,16,2000,25,Comprehensive,sedan,801.851693548387
20,2,1,11,2021,4,Third Party,hatchback,494.6782795698925
34,16,5,24,1999,26,Comprehensive,sedan,804.8859987903227
50,28,5,11,2011,14,Third Party,suv,611.2942473118284
65,33,5,24,2006,19,Third Party,sedan,540.409802935484
29,11,2,18,1993,32,Third Party,pickup,570.8597849462369
39,21,3,21,2014,11,Third Party,hatchback,563.4804408602153
39,10,5,14,2010,15,Third Party,suv,656.1405376344086
63,5,0,22,1990,35,Third Party,hatchback,506.3176989247316
47,17,4,11,2014,11,Third Party,pickup,596.1917204301077
55,20,2,20,2025,0,Third Party,pickup,511.8950537634411
55,35,1,17,2006,19,Third Party,pickup,388.6181720430109
62,40,2,15,2013,12,Third Party,sedan,360.1339677419356
25,7,1,15,1991,34,Third Party,sedan,547.7258387096779
44,26,2,11,2004,21,Third Party,hatchback,475.34903225806505
44,16,1,24,2021,4,Third Party,hatchback,431.22365591397846
51,33,5,20,1995,30,Third Party,suv,668.5979801505374
38,20,3,21,1990,35,Comprehensive,suv,852.8391761424731
47,29,1,16,2012,13,Third Party,hatchback,389.1397849462366
50,11,1,24,2006,19,Third Party,sedan,461.8161935483873
45,22,0,19,2023,2,Third Party,pickup,504.1224301075269
64,21,1,19,2018,7,Third Party,hatchback,359.37827956989247
50,20,0,18,1998,27,Third Party,suv,538.5254623655915
22,4,4,15,2002,23,Comprehensive,sedan,858.7464431451617
65,30,5,11,1995,30,Third Party,hatchback,569.4853727956989
36,5,0,19,1995,30,Third Party,hatchback,505.56236559139785
21,3,3,11,2009,16,Comprehensive,sedan,755.9438306451617
52,34,5,18,1992,33,Third Party,hatchback,579.8698660215057
34,16,0,15,2006,19,Third Party,sedan,436.167741935484
61,11,5,13,2001,24,Comprehensive,pickup,781.512002688172
45,6,5,21,1990,35,Comprehensive,sedan,814.4437550403231
47,9,5,17,2006,19,Third Party,sedan,595.172741935484
46,16,4,17,1992,33,Comprehensive,sedan,752.7044959677419
63,25,3,19,2015,10,Third Party,hatchback,484.0512150537639
23,5,2,17,2004,21,Third Party,hatchback,527.9787096774195
52,27,2,23,2025,0,Third Party,sedan,481.4709554741936
58,1,0,21,2021,4,Third Party,hatchback,431.46258064516127
54,0,5,24,2021,4,Third Party,suv,681.1801924731187
41,23,0,13,1993,32,Third Party,suv,544.9701612903227
46,25,4,21,2007,18,Third Party,hatchback,561.4734731182801
63,28,4,23,2008,17,Third Party,hatchback,515.4210895698927
48,20,1,25,2024,1,Third Party,sedan,514.837772580645
52,10,4,24,2003,22,Comprehensive,pickup,819.3121720430113
50,32,1,23,2022,3,Third Party,hatchback,401.83591397849466
38,10,3,11,2003,22,Comprehensive,suv,827.7339852150537
49,31,0,18,2023,2,Third Party,sedan,463.0432258064516
40,22,3,22,1993,32,Comprehensive,hatchback,734.2584569892476
50,32,4,13,2013,12,Third Party,suv,595.29811827957
20,2,3,22,2018,7,Comprehensive,suv,862.1531884408599
35,17,3,18,2008,17,Third Party,pickup,606.3010752688173
42,23,3,18,1995,30,Comprehensive,sedan,734.0835080645162
59,21,4,23,2022,3,Third Party,sedan,549.0155551774193
48,4,5,15,2008,17,Third Party,pickup,628.978817204301
20,2,3,23,1990,35,Comprehensive,pickup,939.7316790672056
57,35,1,22,1994,31,Third Party,sedan,472.00586981935487
63,19,4,23,2016,9,Third Party,sedan,576.9032500000004
41,18,3,11,2005,20,Third Party,hatchback,543.4827956989251
49,31,5,23,1995,30,Comprehensive,hatchback,724.568565860215
64,16,4,20,2002,23,Comprehensive,pickup,760.0855107526882
39,21,2,17,2024,1,Third Party,hatchback,479.2475268817208
40,8,5,22,2008,17,Third Party,suv,690.4122440860216
19,1,1,20,2001,24,Third Party,hatchback,581.4173247311829
44,1,3,15,2005,20,Third Party,hatchback,566.8311827956991
59,8,2,18,1999,26,Third Party,suv,564.8646666666667
19,1,2,19,2014,11,Third Party,pickup,560.6021075268817
43,25,4,21,2009,16,Third Party,suv,648.0025069892475
34,16,2,24,2020,5,Third Party,hatchback,448.4262365591399
57,0,1,17,1993,32,Third Party,pickup,550.2221290322581
50,24,1,24,2012,13,Third Party,hatchback,418.3217204301076
26,8,0,23,1991,34,Third Party,suv,618.7731721505377
60,24,1,25,2011,14,Third Party,suv,444.2544250537635
65,38,5,17,1997,28,Third Party,hatchback,557.8344779569895
56,34,2,11,1996,29,Third Party,sedan,453.8304738709678
46,2,1,25,2003,22,Third Party,sedan,555.664513870968
59,36,4,14,1992,33,Third Party,suv,645.296190473118
43,25,0,12,2005,20,Third Party,suv,452.9516129032258
52,34,2,12,2008,17,Third Party,sedan,380.5439354838711
42,24,0,12,2007,18,Third Party,sedan,415.0548387096776
41,11,2,14,2005,20,Third Party,hatchback,430.3010752688172
30,12,4,24,1997,28,Comprehensive,hatchback,770.6689569892467
24,6,0,11,2022,3,Third Party,sedan,452.0645161290324
53,16,3,25,2001,24,Comprehensive,hatchback,725.7430981182799
62,9,5,14,2000,25,Comprehensive,hatchback,713.6634408602151
37,11,5,12,1994,31,Comprehensive,pickup,816.3700268817205
18,0,2,15,2016,9,Third Party,hatchback,510.12086021505394
25,7,3,13,2001,24,Comprehensive,suv,853.1434206989247
63,18,0,25,2006,19,Third Party,hatchback,410.4372043010754
33,7,3,22,1995,30,Comprehensive,hatchback,767.7326263440864
31,13,3,18,2022,3,Third Party,sedan,581.8716129032258
29,11,0,14,1994,31,Third Party,suv,578.3144731182795
40,16,4,11,2017,8,Third Party,hatchback,548.9473118279572
32,14,3,11,2003,22,Comprehensive,hatchback,719.768682795699
45,27,3,22,1994,31,Comprehensive,pickup,790.8884913978499
51,15,4,20,2022,3,Third Party,hatchback,539.2602150537637
19,1,3,13,2008,17,Comprehensive,hatchback,726.8561827956995
49,7,3,25,2011,14,Third Party,pickup,634.7302204301077
40,22,3,19,1994,31,Comprehensive,sedan,739.2729637096779
39,17,5,17,1991,34,Comprehensive,hatchback,732.5606182795705
42,24,1,12,2019,6,Third Party,pickup,436.38064516129054
39,11,4,25,1993,32,Comprehensive,suv,879.1780620295698
39,14,3,23,2022,3,Third Party,sedan,599.0300693548389
59,25,5,19,2002,23,Third Party,suv,668.889252521505
23,5,4,20,2009,16,Third Party,suv,676.7069892473119
32,14,2,12,1996,29,Third Party,pickup,559.60288172043
60,31,2,13,2004,21,Third Party,hatchback,429.3248666666668
54,9,3,21,2012,13,Third Party,pickup,624.2438139784948
50,15,5,23,2003,22,Comprehensive,pickup,821.573146639785
25,6,5,20,2012,13,Third Party,pickup,650.0172043010753
61,16,4,24,2008,17,Third Party,pickup,616.2410301075269
61,22,4,12,2018,7,Third Party,sedan,519.356306451613
22,4,5,13,2009,16,Comprehensive,hatchback,734.9174731182796
56,20,4,16,2018,7,Third Party,suv,607.0095698924735
21,3,5,19,2013,12,Comprehensive,suv,847.8038037634417
23,5,1,19,2007,18,Third Party,hatchback,448.9892473118279
62,13,5,17,1999,26,Comprehensive,suv,814.3605981182801
49,14,2,22,1997,28,Third Party,hatchback,518.1301376344086
47,6,4,13,2015,10,Third Party,suv,642.143924731183
64,8,5,14,2018,7,Third Party,pickup,599.1972043010753
52,7,5,16,1999,26,Comprehensive,suv,839.4356989247317
57,22,4,21,2006,19,Third Party,hatchback,530.8195495698925
33,15,1,15,1991,34,Third Party,hatchback,502.151182795699
30,12,1,12,1995,30,Third Party,hatchback,506.7806451612904
59,30,4,23,1994,31,Third Party,hatchback,596.3052261537632
47,29,0,16,2017,8,Third Party,hatchback,379.6774193548387
36,18,4,13,1994,31,Comprehensive,sedan,758.8097379032259
34,16,4,24,2007,18,Third Party,sedan,617.2056709677421
36,17,1,18,2015,10,Third Party,suv,477.97956989247314
45,27,1,12,2009,16,Third Party,hatchback,394.3440860215055
43,16,4,11,2016,9,Third Party,suv,628.4329569892476
54,13,4,19,2001,24,Comprehensive,hatchback,708.1396505376349
43,25,4,24,1996,29,Comprehensive,hatchback,733.0839247311835
40,22,1,22,1992,33,Third Party,sedan,535.767937419355
26,8,4,13,1999,26,Comprehensive,sedan,786.2833266129029
29,11,4,21,2023,2,Comprehensive,pickup,833.2010159946242
18,0,3,11,2014,11,Comprehensive,sedan,761.9897983870967
18,0,0,17,2024,1,Third Party,pickup,620.6957036559145
64,39,2,23,2005,20,Third Party,pickup,407.766539139785
51,25,0,25,1991,34,Third Party,pickup,511.3660061139788
49,22,3,20,2013,12,Third Party,pickup,580.617849462366
65,38,2,15,1999,26,Third Party,pickup,458.9902888172044
42,14,4,15,2011,14,Third Party,suv,637.0023118279569
57,3,3,24,2015,10,Third Party,sedan,601.4008
62,28,4,11,2016,9,Third Party,pickup,534.0792978494626
18,0,1,25,2018,7,Third Party,hatchback,528.4516860215055
33,15,5,25,2009,16,Third Party,sedan,626.952008064516
56,12,3,19,2016,9,Third Party,sedan,560.746290322581
22,4,1,17,2009,16,Third Party,pickup,546.8003010752691
39,21,3,18,2008,17,Third Party,suv,622.4344086021504
46,15,3,19,2009,16,Third Party,pickup,597.2846236559143
20,1,1,16,2024,1,Third Party,suv,653.1962705376343
29,11,2,22,1991,34,Third Party,hatchback,545.2003096774192
43,25,0,15,2019,6,Third Party,sedan,407.3548387096776
33,15,4,16,2023,2,Comprehensive,hatchback,715.407795698925
54,12,3,21,2011,14,Third Party,suv,648.0025069892475
39,12,4,12,1992,33,Comprehensive,suv,840.1043682795706
46,17,5,14,1995,30,Comprehensive,hatchback,721.2223118279574
31,13,1,13,2004,21,Third Party,suv,575.2322258064515
45,27,4,23,2016,9,Third Party,hatchback,555.4525698924735
22,4,1,17,1999,26,Third Party,sedan,602.920481935484
64,38,4,19,1998,27,Third Party,hatchback,551.2491895698926
47,28,0,15,2022,3,Third Party,sedan,397.4193548387097
63,28,0,16,2021,4,Third Party,hatchback,341.34537634408616
22,4,0,20,1995,30,Third Party,suv,654.9111208602153
29,9,0,24,2025,0,Third Party,hatchback,517.1457677419359
33,15,0,22,1991,34,Third Party,suv,598.6797217204304
43,24,0,22,2018,7,Third Party,hatchback,414.4989247311829
43,25,1,12,1993,32,Third Party,hatchback,476.0799999999999
65,19,3,13,1990,35,Third Party,pickup,659.0254591397853
38,4,4,13,2008,17,Third Party,suv,659.8539247311829
56,0,0,22,2015,10,Third Party,pickup,481.7049032258067
53,29,1,22,2014,11,Third Party,suv,441.26225118279575
50,2,1,25,1999,26,Third Party,pickup,579.9591150537638
47,13,1,19,2004,21,Third Party,sedan,510.3733870967743
54,29,3,25,2011,14,Third Party,hatchback,514.4276405376346
40,3,4,17,2010,15,Third Party,suv,659.2826344086022
27,9,3,18,2011,14,Third Party,suv,654.9979569892473
22,4,2,21,2025,0,Third Party,hatchback,594.5123194408607
53,24,1,20,2023,2,Third Party,suv,496.2202169892474
51,0,2,21,2019,6,Third Party,suv,523.1087849462365
48,14,5,19,2014,11,Third Party,pickup,610.3994623655917
27,8,0,16,2017,8,Third Party,suv,492.6698924731184
36,14,0,14,1990,35,Third Party,sedan,518.3043870967742
49,23,3,22,1993,32,Comprehensive,sedan,758.022161693549
18,0,4,11,1996,29,Comprehensive,hatchback,832.087690860215
22,4,2,18,1998,27,Third Party,suv,669.7731569892472
62,36,4,17,2025,0,Third Party,hatchback,542.1310979569894
21,3,3,12,2008,17,Comprehensive,sedan,756.8507258064515
33,5,0,18,1990,35,Third Party,suv,587.2810107526883
41,23,4,22,1999,26,Comprehensive,suv,847.0986497311835
33,15,4,15,2025,0,Comprehensive,hatchback,713.9541666666668
19,1,0,17,1998,27,Third Party,sedan,603.4423929032259
45,12,2,14,2021,4,Third Party,suv,480.15591397849454
49,31,0,15,2021,4,Third Party,hatchback,372.8172043010754
44,24,4,18,1995,30,Comprehensive,sedan,738.9677016129036
37,6,2,11,2006,19,Third Party,hatchback,440.00000000000006
41,3,2,11,1999,26,Third Party,pickup,565.7673763440862
29,7,0,25,2016,9,Third Party,suv,522.0097311827957
52,19,4,14,2024,1,Comprehensive,pickup,753.6895430107527
50,28,3,13,2010,15,Third Party,sedan,543.5330645161291
50,9,4,23,2014,11,Third Party,pickup,636.3859688172041
60,33,1,20,2017,8,Third Party,pickup,381.6626236559141
54,25,5,22,2004,21,Comprehensive,sedan,729.5092165967748
29,11,3,12,1993,32,Comprehensive,hatchback,734.5956989247309
20,2,2,22,2018,7,Third Party,pickup,583.1733694623659
18,0,3,13,1998,27,Comprehensive,hatchback,822.5984005376351
50,4,2,21,2016,9,Third Party,pickup,496.6854838709679
57,4,2,25,2015,10,Third Party,hatchback,446.2759139784947
27,9,3,25,2008,17,Third Party,sedan,627.478837096774
60,8,2,21,2017,8,Third Party,pickup,479.3395483870967
61,34,2,24,2006,19,Third Party,sedan,399.4145490322582
46,19,1,21,2009,16,Third Party,pickup,473.031935483871
30,12,4,11,2012,13,Third Party,sedan,595.6943548387098
29,11,4,11,2021,4,Third Party,sedan,593.6079032258069
48,16,5,16,2022,3,Third Party,pickup,601.9294623655913
63,23,5,15,1994,31,Third Party,pickup,642.0359779462369
19,1,1,18,2023,2,Third Party,pickup,626.9834881720433
52,31,5,12,2000,25,Third Party,suv,665.6852564408603
40,22,3,14,1992,33,Comprehensive,hatchback,703.7787634408605
34,16,0,18,2022,3,Third Party,suv,469.8182795698926
43,12,0,22,2000,25,Third Party,suv,587.3594679569892
25,7,0,16,2005,20,Third Party,sedan,459.2677419354839
46,8,1,11,2007,18,Third Party,pickup,463.1827956989249
43,3,1,25,2019,6,Third Party,hatchback,452.01010752688165
27,9,2,14,1999,26,Third Party,sedan,545.9349677419353
43,25,0,11,2007,18,Third Party,suv,451.59139784946245
51,33,3,23,2008,17,Third Party,pickup,563.6848167204303
58,10,5,12,2025,0,Comprehensive,sedan,736.5256048387101
24,6,3,15,2002,23,Comprehensive,pickup,819.248212365592
21,2,5,24,1992,33,Comprehensive,sedan,913.6840963870972
62,27,0,18,1999,26,Third Party,pickup,464.5624559139786
28,10,0,18,1990,35,Third Party,suv,584.4789677419354
46,8,0,21,2016,9,Third Party,hatchback,435.285376344086
53,2,1,13,1997,28,Third Party,suv,572.9905913978496
42,24,5,21,2006,19,Third Party,hatchback,575.0205053763445
38,20,1,23,1998,27,Third Party,pickup,563.7170118279577
53,11,1,14,1995,30,Third Party,sedan,510.6292258064516
27,8,4,20,2014,11,Third Party,suv,664.138602150538
54,14,3,21,2017,8,Third Party,hatchback,557.4595376344088
26,8,3,24,2022,3,Third Party,suv,681.7571956989251
41,23,2,16,1998,27,Third Party,hatchback,486.8008602150537
52,4,1,21,2007,18,Third Party,suv,513.7668279569893
52,10,5,21,2010,15,Third Party,hatchback,584.0518602150537
65,33,4,20,1991,34,Third Party,hatchback,561.6336827956992
53,23,4,13,2025,0,Third Party,pickup,626.9911267849462
35,14,3,12,2004,21,Comprehensive,hatchback,715.9892473118284
56,37,1,16,2017,8,Third Party,pickup,378.5712688172045
49,7,2,21,2007,18,Third Party,hatchback,452.4879569892474
41,4,1,23,2023,2,Third Party,sedan,546.8790125806453
40,22,0,25,2011,14,Third Party,sedan,445.50958064516135
49,17,1,15,2000,25,Third Party,sedan,503.2099032258069
54,5,0,24,2002,23,Third Party,hatchback,509.7629935483872
29,11,0,20,1993,32,Third Party,pickup,555.3145376344087
30,12,2,15,2011,14,Third Party,pickup,480.356989247312
40,22,5,20,1996,29,Comprehensive,hatchback,720.6408602150541
42,4,3,23,2013,12,Third Party,sedan,616.4154274193554
52,12,1,15,1993,32,Third Party,sedan,511.3967419354837
58,16,0,20,2017,8,Third Party,pickup,427.5333333333333
47,29,1,22,2004,21,Third Party,sedan,511.47861032258055
34,16,5,15,1990,35,Comprehensive,suv,851.1374126344087
37,19,3,13,1992,33,Comprehensive,pickup,783.4307930107531
65,2,5,17,2003,22,Comprehensive,sedan,757.5886895161289
42,24,3,16,1990,35,Comprehensive,pickup,769.6794623655915
39,21,4,14,2010,15,Third Party,suv,628.718602150538
30,12,3,12,2018,7,Third Party,pickup,612.8584946236559
36,18,2,22,1994,31,Third Party,pickup,579.1470098924738
53,12,5,19,1999,26,Comprehensive,pickup,793.0247446236563
29,11,0,11,2017,8,Third Party,pickup,463.1827956989249
58,5,4,23,2010,15,Third Party,suv,665.3126037634406
36,18,2,23,1996,29,Third Party,hatchback,525.7590043010755
29,11,1,21,1992,33,Third Party,pickup,590.7871838709682
26,8,5,25,2009,16,Comprehensive,pickup,768.3226478494626
24,6,0,24,2008,17,Third Party,sedan,486.9032903225805
45,27,3,14,2024,1,Third Party,pickup,649.1756688172044
31,13,0,11,1993,32,Third Party,sedan,522.6536451612905
48,30,1,23,1994,31,Third Party,hatchback,489.82950322580655
36,12,4,16,1990,35,Comprehensive,suv,846.7910618279568
64,24,4,14,1993,32,Third Party,suv,659.8598090215058
33,15,5,15,2001,24,Comprehensive,hatchback,736.6307795698925
22,4,4,15,2016,9,Comprehensive,suv,831.24936827957
52,34,5,19,2012,13,Third Party,hatchback,497.8217956989249
29,6,5,11,2014,11,Third Party,hatchback,583.7215053763443
42,4,5,23,2010,15,Comprehensive,hatchback,685.9315860215052
38,20,3,12,2013,12,Third Party,suv,620.7205376344089
53,22,2,23,2014,11,Third Party,sedan,421.0220654838712
40,9,5,16,2021,4,Third Party,hatchback,566.0860215053763
33,15,5,15,2021,4,Third Party,pickup,620.2355913978497
56,29,2,21,1994,31,Third Party,suv,536.2909731666665
62,38,0,17,2025,0,Third Party,hatchback,393.6244021505376
59,30,5,13,2005,20,Third Party,hatchback,498.8054086021506
56,17,3,13,2022,3,Third Party,pickup,574.3336559139784
31,13,4,20,2010,15,Third Party,sedan,596.4767741935487
48,1,4,12,1998,27,Comprehensive,sedan,772.5465322580644
22,4,1,23,1995,30,Comprehensive,sedan,718.9454734677425
52,12,1,13,2024,1,Third Party,hatchback,471.4505376344085
40,22,4,20,2011,14,Third Party,hatchback,545.2215053763441
46,11,4,11,1994,31,Comprehensive,hatchback,722.6759408602152
60,38,3,15,2012,13,Third Party,suv,538.5604198924731
28,1,2,24,2006,19,Third Party,pickup,530.5889032258065
35,17,1,25,2001,24,Third Party,hatchback,518.8684150537638
64,12,2,22,2012,13,Third Party,pickup,471.7178494623656
29,11,3,15,2005,20,Third Party,pickup,623.514301075269
26,8,4,22,1992,33,Comprehensive,sedan,824.0015112903229
27,9,5,21,2019,6,Comprehensive,suv,792.0997513440865
61,39,2,17,2011,14,Third Party,hatchback,346.7318279569898
34,16,4,14,1998,27,Comprehensive,sedan,762.7781451612908
55,33,4,13,2018,7,Third Party,sedan,508.77017258064535
24,6,0,11,2012,13,Third Party,hatchback,435.2688172043011
63,34,2,22,2002,23,Third Party,pickup,493.4103609978496
30,5,5,25,2021,4,Comprehensive,sedan,726.8135282258065
57,18,2,18,2012,13,Third Party,pickup,443.14623655913965
59,29,4,23,2006,19,Third Party,suv,596.7328853602155
26,6,5,13,2010,15,Third Party,pickup,648.1046236559142
44,9,3,23,1991,34,Comprehensive,suv,867.0216531586024
19,1,0,25,1995,30,Comprehensive,pickup,753.8085080107523
22,4,4,12,2007,18,Comprehensive,sedan,763.501290322581
46,28,1,21,2019,6,Third Party,sedan,432.9660322580646
54,27,1,14,2011,14,Third Party,suv,416.7862150537635
55,14,0,13,2022,3,Third Party,hatchback,390.3225806451613
36,18,3,23,2019,6,Third Party,suv,654.3495424731179
25,7,4,11,2006,19,Third Party,suv,670.1371505376345
65,28,2,13,2021,4,Third Party,pickup,388.1029462365594
62,21,0,22,2003,22,Third Party,pickup,498.770255062366
18,0,3,12,1999,26,Comprehensive,suv,944.9650965053766
39,19,2,18,2025,0,Third Party,sedan,506.0241290322583
34,16,1,16,2023,2,Third Party,pickup,532.8007311827959
24,6,1,19,1998,27,Third Party,hatchback,521.6436559139789
42,3,2,18,2017,8,Third Party,pickup,479.5763440860215
62,26,0,20,2000,25,Third Party,pickup,466.1545036559141
21,3,1,13,2003,22,Third Party,hatchback,573.7129247311831
53,11,4,15,2008,17,Third Party,suv,631.2894086021507
23,5,5,17,2004,21,Comprehensive,hatchback,764.5404569892473
48,16,2,15,2017,8,Third Party,suv,472.8107526881718
36,9,2,18,2013,12,Third Party,suv,500.2870967741935
61,0,1,22,1997,28,Third Party,suv,597.5476963440861
56,21,0,15,1998,27,Third Party,hatchback,436.5614473118279
44,25,4,11,2022,3,Third Party,suv,608.4377956989246
27,9,0,15,2022,3,Third Party,sedan,445.6064516129033
43,13,3,14,2008,17,Third Party,hatchback,548.2021505376346
36,18,3,16,1992,33,Comprehensive,sedan,751.7887096774199
56,11,5,13,1999,26,Comprehensive,suv,825.0593077956992
20,2,1,25,1990,35,Comprehensive,pickup,763.2215451075276
62,34,1,21,2018,7,Third Party,suv,420.8610656989248
30,11,1,15,2023,2,Third Party,sedan,520.0952580645162
45,6,5,12,2002,23,Comprehensive,sedan,773.7675806451614
37,19,3,21,1990,35,Comprehensive,hatchback,744.5356142473128
45,10,0,16,2023,2,Third Party,pickup,522.6159139784947
25,7,5,23,2018,7,Comprehensive,hatchback,695.6243279569899
58,5,5,25,2002,23,Comprehensive,sedan,794.0949836693549
56,14,0,22,2018,7,Third Party,suv,478.8718709677421
18,0,1,16,2013,12,Third Party,pickup,555.028301075269
20,2,4,15,2015,10,Comprehensive,suv,838.5333198924731
30,12,0,16,2006,19,Third Party,suv,488.8612903225808
45,25,3,21,1996,29,Comprehensive,pickup,793.1494659946236
42,24,2,17,2002,23,Third Party,hatchback,482.6587096774195
50,32,2,22,1994,31,Third Party,suv,565.8509858064515
55,28,5,15,2015,10,Third Party,sedan,526.3276629032264
23,3,2,11,1992,33,Third Party,suv,671.7738156989245
61,16,4,18,1996,29,Comprehensive,pickup,767.1210752688174
62,34,1,14,1990,35,Third Party,pickup,465.09313849462376
49,12,3,19,2006,19,Third Party,pickup,600.5633333333336
62,40,4,24,2014,11,Third Party,hatchback,495.80047118279583
64,38,3,20,1992,33,Third Party,suv,628.984937698925
38,14,3,22,2004,21,Comprehensive,hatchback,744.2419811827963
33,15,1,16,2018,7,Third Party,hatchback,419.4193548387096
38,20,5,11,2021,4,Third Party,pickup,605.481397849463
28,10,2,13,2015,10,Third Party,pickup,482.95913978494633
54,31,1,13,2005,20,Third Party,hatchback,359.37827956989247
53,1,4,20,2014,11,Third Party,suv,646.4286021505378
52,13,5,22,2017,8,Third Party,sedan,605.0886032258063
36,18,4,22,1998,27,Comprehensive,hatchback,751.8764408602157
37,19,5,14,1990,35,Comprehensive,suv,840.7730376344093
35,10,4,16,2018,7,Third Party,pickup,619.9623655913979
64,26,1,25,2011,14,Third Party,pickup,417.65372236559136
58,2,5,17,2005,20,Third Party,suv,651.8558602150539
31,13,5,20,1996,29,Comprehensive,sedan,784.1464919354842
32,14,3,14,2003,22,Comprehensive,pickup,792.7049462365595
48,28,3,16,2018,7,Third Party,pickup,568.0494623655915
18,0,0,21,2008,17,Third Party,pickup,577.5438249462368
20,2,4,11,2008,17,Comprehensive,suv,841.844206989247
33,15,3,24,1991,34,Comprehensive,hatchback,756.5745698924735
40,19,0,18,2004,21,Third Party,pickup,524.2240430107528
28,5,3,17,1992,33,Comprehensive,hatchback,748.2598118279572
29,11,4,25,2000,25,Comprehensive,sedan,810.7439784274198
27,4,5,21,2019,6,Comprehensive,pickup,767.0682930107531
49,2,2,21,2007,18,Third Party,pickup,505.6212688172042
33,0,4,19,1991,34,Comprehensive,sedan,799.1043346774193
25,7,1,13,2021,4,Third Party,pickup,479.83655913978487
55,14,3,12,1997,28,Comprehensive,hatchback,696.8013440860216
29,11,3,11,2011,14,Third Party,suv,647.2855376344093
41,23,5,13,1995,30,Comprehensive,hatchback,716.2799731182802
45,24,1,15,2001,24,Third Party,suv,543.288935483871
25,7,5,24,2025,0,Comprehensive,suv,894.3735731182796
45,11,1,21,2004,21,Third Party,hatchback,515.4231204301079
53,17,2,12,2017,8,Third Party,hatchback,404.2795698924732
43,14,3,22,2007,18,Third Party,hatchback,573.7661505376348
25,7,3,13,1991,34,Comprehensive,hatchback,747.6783602150538
45,26,2,25,2002,23,Third Party,sedan,527.7576274193548
45,7,0,25,2004,21,Third Party,pickup,566.4240290322582
54,24,5,25,2009,16,Third Party,suv,618.4397467150541
58,16,2,14,2018,7,Third Party,hatchback,400.967741935484
53,28,5,17,2018,7,Third Party,hatchback,502.2480537634408
44,7,4,23,1992,33,Comprehensive,hatchback,765.6771948924733
34,14,3,13,2008,17,Third Party,sedan,583.1756451612907
26,8,5,25,1992,33,Comprehensive,hatchback,794.4532352150543
50,6,1,19,2003,22,Third Party,hatchback,493.86688172043006
37,2,5,18,1993,32,Comprehensive,hatchback,760.179569892474
30,12,4,14,2000,25,Comprehensive,pickup,810.6136559139786
45,23,3,23,2020,5,Third Party,sedan,579.5373951612909
65,2,2,11,2021,4,Third Party,hatchback,412.0860215053765
46,19,4,11,2016,9,Third Party,suv,619.8636021505378
30,12,3,11,2019,6,Third Party,suv,639.8587634408607
63,24,5,11,1991,34,Third Party,suv,670.0543420053764
52,29,0,18,1998,27,Third Party,sedan,451.0443903225808
23,5,0,13,2017,8,Third Party,sedan,457.5290322580648
35,6,1,25,2020,5,Third Party,suv,523.1087849462365
22,4,3,16,2023,2,Comprehensive,hatchback,796.7993924731178
64,19,0,13,2004,21,Third Party,sedan,474.5559677419354
42,24,2,21,2014,11,Third Party,suv,496.1819677419354
19,1,3,15,2025,0,Comprehensive,suv,924.8448356182804
27,9,2,23,1997,28,Third Party,hatchback,547.415141935484
47,21,2,25,1998,27,Third Party,pickup,561.0099946236566
62,1,0,24,2021,4,Third Party,sedan,449.7743870967742
22,4,3,23,2006,19,Comprehensive,hatchback,751.1523360215051
50,7,5,25,2024,1,Comprehensive,suv,861.6188047715053
18,0,4,17,2008,17,Comprehensive,suv,850.4525134408606
35,12,0,12,2018,7,Third Party,hatchback,413.7419354838709
49,16,0,16,1996,29,Third Party,sedan,499.3723225806455
64,7,5,23,2017,8,Third Party,pickup,630.866807526882
28,10,3,16,1998,27,Comprehensive,pickup,809.3344623655913
38,17,3,21,2017,8,Third Party,suv,654.3495424731179
43,25,2,13,1995,30,Third Party,sedan,506.7916451612905
42,17,5,16,2018,7,Third Party,pickup,609.0333333333333
39,21,5,20,2006,19,Third Party,sedan,585.5229032258065
44,26,3,20,2005,20,Third Party,sedan,557.3558064516133
30,12,2,24,2012,13,Third Party,suv,531.0769247311827
50,10,0,15,2020,5,Third Party,pickup,442.3655913978496
51,24,1,22,1992,33,Third Party,hatchback,472.4307653763444
58,32,4,12,2010,15,Third Party,suv,559.7695731182794
52,34,0,19,2015,10,Third Party,pickup,381.4050107526888
18,0,3,18,2025,0,Comprehensive,pickup,888.8747172043016
38,7,4,13,2011,14,Third Party,pickup,624.6072043010756
65,10,1,18,2001,24,Third Party,pickup,521.5438279569893
23,5,1,24,2002,23,Third Party,pickup,602.4273578494625
45,23,2,19,2000,25,Third Party,sedan,506.7916451612905
34,16,4,24,2005,20,Third Party,suv,677.141169892473
22,4,2,25,1997,28,Comprehensive,sedan,727.331633790323
48,11,0,13,1991,34,Third Party,hatchback,485.5825806451613
22,4,5,13,2019,6,Comprehensive,pickup,802.0753494623656
55,14,5,12,2019,6,Third Party,suv,625.2908602150542
20,2,5,18,2001,24,Comprehensive,pickup,917.5798204301076
40,21,4,20,1999,26,Comprehensive,suv,818.7069489247314
54,27,5,11,2000,25,Third Party,sedan,611.7887470483872
54,19,0,18,2004,21,Third Party,suv,532.3609677419356
27,9,2,17,2005,20,Third Party,hatchback,447.0967741935484
27,9,4,24,2006,19,Comprehensive,hatchback,688.4973118279572
36,18,2,17,2015,10,Third Party,suv,484.236559139785
34,16,4,13,1991,34,Comprehensive,suv,839.7700336021511
38,20,2,11,2001,24,Third Party,suv,565.1448709677425
31,1,1,14,2015,10,Third Party,suv,508.4483870967741
26,8,2,19,2012,13,Third Party,hatchback,446.6236559139784
63,32,5,15,2007,18,Third Party,pickup,540.5711430107527
18,0,1,11,2021,4,Third Party,suv,574.4296989247315
62,12,2,25,1992,33,Third Party,suv,588.2084869892476
30,12,4,15,1992,33,Comprehensive,hatchback,741.8638440860216
21,3,4,23,2019,6,Comprehensive,hatchback,755.223287634409
18,0,4,18,1990,35,Comprehensive,sedan,879.6080548387104
57,25,3,18,2019,6,Third Party,suv,560.9007279569897
49,21,0,15,2021,4,Third Party,sedan,406.3612903225806
51,33,4,22,2017,8,Third Party,hatchback,515.1727273118286
45,1,1,19,2010,15,Third Party,hatchback,432.4301075268817
48,30,4,25,2002,23,Comprehensive,pickup,786.6895385752696
25,7,3,11,2016,9,Third Party,suv,655.8548924731183
56,25,5,14,2025,0,Third Party,sedan,600.3531404838715
43,14,1,13,1996,29,Third Party,hatchback,490.94301075268817
51,33,3,12,2011,14,Third Party,hatchback,484.2971182795704
20,2,5,25,1999,26,Comprehensive,sedan,910.8537672782264
29,10,1,18,2004,21,Third Party,pickup,558.530795698925
18,0,2,17,2004,21,Third Party,hatchback,589.1217247311833
61,5,0,19,1993,32,Third Party,suv,554.4971075268817
22,4,0,12,2021,4,Third Party,hatchback,482.8550537634409
47,5,3,24,2012,13,Third Party,suv,668.4861215053769
47,8,5,24,1995,30,Comprehensive,sedan,806.1192576612907
34,16,0,14,2013,12,Third Party,suv,473.6268817204302
65,30,5,24,2009,16,Third Party,sedan,543.5391673870971
64,31,5,25,2009,16,Third Party,suv,595.0191857795699
40,22,3,16,2001,24,Comprehensive,sedan,734.0835080645162
32,11,3,21,2022,3,Third Party,suv,668.7746231182794
54,7,3,13,2017,8,Third Party,pickup,595.6452688172044
38,7,0,18,1997,28,Third Party,suv,574.3916129032257
31,13,3,13,1990,35,Comprehensive,suv,840.4387029569899
19,1,0,24,2011,14,Third Party,pickup,574.0588688172046
28,6,3,22,1995,30,Comprehensive,hatchback,775.3670860215057
56,10,4,23,2010,15,Third Party,hatchback,573.0135376344087
55,19,5,23,2021,4,Third Party,suv,646.8485005376348
51,15,3,12,2024,1,Third Party,pickup,662.1211075268816
55,3,1,23,2004,21,Third Party,suv,595.5666519354841
51,5,5,23,1994,31,Comprehensive,sedan,807.0442018145166
35,17,5,13,1995,30,Comprehensive,sedan,770.4096975806459
47,25,3,21,2014,11,Third Party,suv,631.8464166666671
32,2,2,16,2018,7,Third Party,hatchback,445.9139784946237
44,26,3,12,1996,29,Comprehensive,hatchback,689.2424731182798
51,13,5,18,2002,23,Comprehensive,suv,827.399650537635
55,10,1,11,2007,18,Third Party,suv,471.178494623656
50,17,5,17,1991,34,Comprehensive,sedan,755.757116935484
41,11,1,12,1997,28,Third Party,hatchback,496.5470967741936
32,14,0,20,2000,25,Third Party,suv,568.22711827957
47,11,4,22,2022,3,Third Party,sedan,602.9812870967745
59,12,5,16,2016,9,Third Party,hatchback,545.2215053763441
34,16,3,22,2009,16,Third Party,pickup,636.6619268817204
22,4,0,12,2001,24,Third Party,sedan,592.7432180645162
46,28,4,12,2020,5,Third Party,hatchback,523.8602150537636
21,3,3,20,2016,9,Comprehensive,hatchback,718.5069892473123
27,9,2,23,2021,4,Third Party,sedan,487.6559032258064
34,16,3,18,1999,26,Comprehensive,pickup,790.1465591397855
27,9,1,25,1992,33,Third Party,sedan,570.1347512903226
34,5,1,25,2016,9,Third Party,hatchback,459.1778494623656
37,17,2,22,2024,1,Third Party,suv,589.0575060215053
41,18,0,12,2020,5,Third Party,suv,458.3924731182796
22,4,4,17,2004,21,Comprehensive,sedan,858.1237084677423
51,33,3,13,2005,20,Third Party,hatchback,487.4938602150541
23,5,1,18,2002,23,Third Party,suv,600.1704086021505
19,1,0,17,2024,1,Third Party,hatchback,561.783531182796
30,2,2,24,2000,25,Third Party,sedan,581.2458264516133
60,27,5,18,2010,15,Third Party,suv,576.1713182795701
60,9,1,24,2000,25,Third Party,hatchback,506.3176989247316
65,34,2,17,2019,6,Third Party,suv,398.20295698924747
28,10,3,21,2024,1,Comprehensive,sedan,788.54531875
64,14,4,16,2011,14,Third Party,hatchback,532.305376344086
40,22,1,23,2020,5,Third Party,suv,490.6866989247312
33,6,1,17,2003,22,Third Party,sedan,535.4455806451613
48,11,3,15,2013,12,Third Party,suv,625.5765053763445
28,10,5,17,2021,4,Third Party,suv,663.2816666666669
33,15,0,11,2025,0,Third Party,pickup,525.0281075268819
25,7,4,11,2021,4,Third Party,pickup,632.8039784946242
21,3,1,19,2004,21,Third Party,sedan,603.4423929032259
57,19,4,24,2024,1,Comprehensive,pickup,781.8445930107533
21,3,1,15,1992,33,Third Party,sedan,608.6615025806453
42,3,4,23,2005,20,Third Party,pickup,660.118362365592
20,2,2,15,1994,31,Third Party,suv,676.9183666666668
49,19,1,13,2010,15,Third Party,sedan,421.76129032258063
20,2,4,15,1999,26,Comprehensive,sedan,866.8419939516131
44,26,0,13,2008,17,Third Party,suv,448.8709677419354
46,28,2,19,2014,11,Third Party,sedan,418.283870967742
49,31,2,19,1993,32,Third Party,sedan,493.99970967741945
36,18,0,16,2018,7,Third Party,pickup,445.7483870967741
38,20,4,25,2008,17,Third Party,sedan,606.4056758064522
22,1,3,11,1991,34,Comprehensive,hatchback,819.6329973118287
35,14,0,17,1999,26,Third Party,suv,564.5844623655913
45,27,4,17,2014,11,Third Party,pickup,583.6233333333336
59,35,0,24,2009,16,Third Party,pickup,401.7821913978496
39,5,0,20,2008,17,Third Party,hatchback,426.516129032258
38,20,1,20,2012,13,Third Party,suv,473.0827956989247
23,5,4,14,2013,12,Third Party,suv,672.7079569892474
18,0,3,18,2000,25,Comprehensive,pickup,905.1844349462364
22,4,1,16,2023,2,Third Party,sedan,590.1336632258065
58,39,0,14,2017,8,Third Party,pickup,365.1753978494624
29,11,5,14,1994,31,Comprehensive,suv,864.8451344086025
43,14,0,12,1994,31,Third Party,hatchback,484.3643010752689
63,32,0,24,2010,15,Third Party,pickup,401.7821913978496
51,33,4,12,2001,24,Third Party,suv,654.0343616021502
31,13,4,22,1993,32,Comprehensive,pickup,846.4438672043017
43,7,1,24,2009,16,Third Party,sedan,473.3562580645161
62,35,3,14,2014,11,Third Party,pickup,516.4972172043013
44,26,1,15,2003,22,Third Party,pickup,516.4514193548391
26,8,2,18,2000,25,Third Party,suv,601.2912258064517
43,13,0,25,2021,4,Third Party,suv,493.98386021505365
64,13,5,16,2000,25,Comprehensive,suv,810.6829166666673
39,1,0,24,2007,18,Third Party,pickup,502.7302795698925
64,36,0,25,2016,9,Third Party,sedan,373.8332364516129
47,4,1,14,2007,18,Third Party,hatchback,426.516129032258
60,37,5,23,2012,13,Third Party,hatchback,510.4538444086024
65,40,5,21,2000,25,Third Party,suv,665.7464236387638
34,13,5,17,2010,15,Third Party,suv,657.56876344086
43,25,1,18,1994,31,Third Party,pickup,524.7600860215053
53,24,0,12,2012,13,Third Party,hatchback,359.61247311827964
18,0,1,22,2014,11,Third Party,suv,609.1207324731187
25,1,4,17,1999,26,Comprehensive,sedan,801.5464314516126
52,34,4,25,2011,14,Third Party,sedan,542.2352655322583
32,5,1,24,2008,17,Third Party,suv,534.3740860215053
64,16,5,12,1990,35,Comprehensive,suv,810.0142473118284
39,21,0,12,1996,29,Third Party,hatchback,477.05462365591393
31,13,1,18,1993,32,Third Party,hatchback,506.7806451612904
43,1,1,12,1990,35,Third Party,pickup,563.8912258064516
45,27,1,25,2004,21,Third Party,hatchback,492.78261290322575
40,22,2,21,2001,24,Third Party,sedan,538.6103054838712
31,4,4,19,2011,14,Third Party,sedan,609.7779032258069
41,0,5,22,2011,14,Comprehensive,suv,797.0173924731183
19,1,3,11,2006,19,Comprehensive,hatchback,727.431989247312
62,11,5,25,2018,7,Third Party,pickup,626.451478494624
43,25,3,19,2003,22,Comprehensive,sedan,724.6203830645165
31,13,2,25,2009,16,Third Party,sedan,484.1437096774194
24,6,1,11,2022,3,Third Party,pickup,481.3978494623657
20,2,2,20,2004,21,Third Party,pickup,643.3864043010753
64,9,2,23,2001,24,Third Party,sedan,534.4759519354842
40,2,0,20,2009,16,Third Party,sedan,450.8225806451613
63,13,4,12,2019,6,Third Party,pickup,582.8036559139787
60,15,3,16,1992,33,Comprehensive,sedan,727.9782661290327
64,9,1,16,2017,8,Third Party,suv,458.936559139785
62,28,3,11,2015,10,Third Party,suv,550.4375456989249
35,9,5,17,2019,6,Third Party,pickup,629.5252688172043
55,11,3,18,2002,23,Comprehensive,hatchback,700.8715053763444
52,29,5,12,2002,23,Third Party,pickup,638.9712860430114
32,14,4,18,1991,34,Comprehensive,pickup,811.2532526881724
42,0,5,19,1991,34,Comprehensive,hatchback,759.3073924731189
54,4,3,16,2025,0,Comprehensive,hatchback,700.290053763441
45,19,3,15,2015,10,Third Party,hatchback,534.0440860215057
27,7,5,22,2000,25,Comprehensive,suv,907.880694086022
56,11,2,19,1997,28,Third Party,sedan,515.4901612903226
34,0,4,23,2011,14,Comprehensive,suv,796.6895497311826
56,19,0,22,2009,16,Third Party,sedan,434.2203870967743
39,21,1,21,1997,28,Third Party,suv,586.5104489247317
43,25,3,19,2018,7,Third Party,sedan,552.9220967741936
61,36,1,11,2015,10,Third Party,suv,391.7392150537636
42,11,0,21,2019,6,Third Party,hatchback,433.3739784946236
34,16,1,13,2006,19,Third Party,pickup,464.2236559139785
30,12,0,19,2009,16,Third Party,suv,488.0451612903226
37,14,5,21,2005,20,Third Party,sedan,625.3715209677421
42,5,2,12,1996,29,Third Party,hatchback,512.1410752688178
21,3,3,22,2005,20,Comprehensive,suv,867.5035819892476
27,9,0,14,2016,9,Third Party,suv,491.0376344086022
20,1,1,14,2012,13,Third Party,hatchback,501.19311827957
58,8,3,12,2013,12,Third Party,suv,618.4353763440864
62,36,2,25,1998,27,Third Party,pickup,494.21434510752704
35,17,5,13,2024,1,Comprehensive,suv,824.3906384408601
64,25,3,23,2009,16,Third Party,pickup,562.0456258172044
53,28,0,13,2006,19,Third Party,pickup,392.7399784946237
64,0,2,11,2020,5,Third Party,hatchback,416.3440860215054
39,21,1,16,1997,28,Third Party,suv,557.5793548387098
51,5,2,18,2004,21,Third Party,hatchback,500.9329032258066
64,36,2,22,2020,5,Third Party,suv,422.7651763440861
25,4,4,13,2019,6,Third Party,suv,668.4232795698928
57,32,2,15,2009,16,Third Party,sedan,378.822612903226
61,13,2,11,2001,24,Third Party,suv,551.1346559139788
36,11,3,20,2006,19,Third Party,hatchback,560.6215053763441
59,19,1,17,2019,6,Third Party,pickup,427.79354838709673
58,23,3,20,2018,7,Third Party,suv,564.2941924731184
54,33,3,23,2008,17,Third Party,sedan,534.9334151451615
23,5,0,11,2000,25,Third Party,hatchback,513.8466666666667
43,25,3,22,2023,2,Comprehensive,suv,814.0062033602153
51,33,4,21,1996,29,Third Party,hatchback,598.3517311602154
62,30,4,19,2023,2,Third Party,sedan,580.4073150806454
23,5,0,18,2009,16,Third Party,sedan,462.7451612903226
54,36,5,17,2013,12,Third Party,hatchback,491.92011827956986
50,19,1,20,1999,26,Third Party,suv,548.612817204301
39,21,1,25,2021,4,Third Party,pickup,471.9806666666667
38,15,3,17,2004,21,Comprehensive,sedan,747.8203024193552
23,5,3,15,2009,16,Third Party,suv,666.7094086021506
23,5,5,15,1992,33,Comprehensive,suv,886.5768884408601
65,0,3,21,1997,28,Comprehensive,pickup,815.113219220431
21,3,1,23,2012,13,Third Party,sedan,549.7565025806455
47,28,2,15,2000,25,Third Party,sedan,496.0464193548388
28,10,4,11,1997,28,Comprehensive,suv,855.1494287634413
47,29,2,18,2018,7,Third Party,suv,452.9516129032258
48,4,2,22,2019,6,Third Party,pickup,497.47393548387095
41,21,1,21,1999,26,Third Party,pickup,557.7615739784949
26,8,2,11,2017,8,Third Party,sedan,464.483870967742
20,0,5,14,2025,0,Comprehensive,hatchback,822.301860215054
48,25,0,25,2002,23,Third Party,sedan,510.70341903225824
57,9,3,19,2021,4,Third Party,suv,615.2932795698924
54,29,0,24,2025,0,Third Party,sedan,461.2617185354841
53,17,4,19,2015,10,Third Party,hatchback,537.5215053763444
41,16,3,15,2011,14,Third Party,pickup,598.9239784946236
48,25,2,14,1993,32,Third Party,hatchback,479.00387096774216
23,5,4,13,2020,5,Third Party,hatchback,581.2376344086025
19,1,3,13,2007,18,Comprehensive,hatchback,727.431989247312
37,11,5,22,2013,12,Third Party,pickup,655.9789913978498
45,26,5,15,2012,13,Third Party,hatchback,540.0053763440864
28,7,5,20,2011,14,Third Party,hatchback,586.950537634409
21,3,5,11,1991,34,Comprehensive,hatchback,835.0530940860212
32,3,2,15,2020,5,Third Party,suv,509.8086021505375
23,5,0,16,2000,25,Third Party,hatchback,515.0649462365591
47,0,3,17,2017,8,Third Party,pickup,615.8639784946236
55,18,2,22,2021,4,Third Party,hatchback,424.5337634408608
19,1,5,19,1994,31,Comprehensive,hatchback,841.576981182796
32,14,0,13,1999,26,Third Party,pickup,542.1814838709679
28,10,4,25,2013,12,Third Party,hatchback,600.1076021505381
25,4,4,12,2024,1,Comprehensive,pickup,816.3700268817205
43,25,4,24,2012,13,Third Party,hatchback,562.7278279569892
62,25,5,13,2006,19,Third Party,pickup,553.0138462365592
61,27,4,22,1990,35,Third Party,hatchback,600.6540492924735
22,1,1,19,2020,5,Third Party,hatchback,496.6086021505376
23,5,3,22,2020,5,Third Party,suv,690.989247311828
43,8,3,17,2023,2,Comprehensive,suv,813.6919287634413
21,3,5,19,1998,27,Comprehensive,hatchback,833.2738521505383
36,18,1,23,2011,14,Third Party,hatchback,440.5417204301077
37,19,2,12,2002,23,Third Party,sedan,518.3043870967742
